{
  "train": {
    "mean": 11359.206030150754,
    "std": 15488.580570187813,
    "min": 12.0,
    "max": 88814.0,
    "median": 3638.0,
    "q25": 1178.0,
    "q75": 17932.0
  },
  "test": {
    "mean": 11558.79919678715,
    "std": 16313.985722587233,
    "min": 344.0,
    "max": 87279.0,
    "median": 3534.0,
    "q25": 1662.0,
    "q75": 16252.75
  }
}